Workbook

Sheet Instructions
A1: AI + Excel Formula Mastery — Sample Workbook
A2: ข้อมูลทั้งหมดเป็นข้อมูลสมมติเพื่อฝึก ไม่ใช่มาตรฐานสายพันธุ์และไม่ใช่ข้อมูลของหน่วยงานใด
A4: ชีตในไฟล์
A5: Raw_Data — ข้อมูลผลการเลี้ยงรายสัปดาห์ 4 ฟาร์ม (F001–F004) อายุ 7–42 วัน (Excel Table: tblRaw)
A6: Master_Data — ข้อมูลหลักของฟาร์ม + Product Master (ใช้ฝึก Lookup)
A7: Calculations — KPI ต่อแถว (Live Birds, Weight Gain, FCR, Mortality %) + สรุปรายฟาร์ม + สถิติน้ำหนัก (%CV)
A8: Validation — ตัวอย่างข้อมูลที่มีปัญหา + สูตร Data Quality Status (PASS/WARNING/ERROR) พร้อมเหตุผล
A9: Dashboard — เลือกฟาร์มในเซลล์ C3 แล้ว KPI และกราฟจะเปลี่ยนตาม
A10: Sales_Data / Product_Master — ข้อมูลยอดขายจากต้นฉบับ (ข้อ 15) + แถวเพิ่มสำหรับทดสอบ
A11: Farm_Performance — ตาราง Farm_Performance จากต้นฉบับข้อ 15 ตามเดิม (ดูข้อจำกัดในชีตนั้น)
A12: Weight_Samples — น้ำหนักไก่ตัวอย่าง 100 ตัว (กรัม) สำหรับฝึก %CV / Percentile
A13: M365_Formulas — สูตร Microsoft 365 (XLOOKUP, FILTER, LET, LAMBDA ฯลฯ) เป็นข้อความให้คัดลอกไปลอง พร้อมสูตรทางเลือก
... A26: Report Date
B27: 46326
A28: เวอร์ชันที่รองรับ: สูตรในชีตหลักใช้ฟังก์ชันที่มีใน Excel 2010 ขึ้นไป (MAXIFS ต้อง 2019+) · สูตร Microsoft 365 อยู่ในชีต M365_Formulas

Sheet Raw_Data
A1: Farm_ID | B1: Date | C1: Age_Days | D1: Body_Weight_g | E1: Feed_Cum_kg | F1: Mortality_Cum | G1: Birds_Placed
A2: F001 | B2: 46289 | C2: 7 | D2: 185 | E2: 1353 | F2: 40 | G2: 10000
A3: F001 | B3: 46296 | C3: 14 | D3: 510 | E3: 5200 | F3: 80 | G3: 10000
A4: F001 | B4: 46303 | C4: 21 | D4: 940 | E4: 11534 | F4: 120 | G4: 10000
A5: F001 | B5: 46310 | C5: 28 | D5: 1480 | E5: 20093 | F5: 160 | G5: 10000
A6: F001 | B6: 46317 | C6: 35 | D6: 2080 | E6: 30558 | F6: 200 | G6: 10000
A7: F001 | B7: 46324 | C7: 42 | D7: 2690 | E7: 42385 | F7: 240 | G7: 10000
A8: F002 | B8: 46289 | C8: 7 | D8: 179 | E8: 1281 | F8: 54 | G8: 9800
A9: F002 | B9: 46296 | C9: 14 | D9: 495 | E9: 4967 | F9: 108 | G9: 9800
A10: F002 | B10: 46303 | C10: 21 | D10: 912 | E10: 11010 | F10: 162 | G10: 9800
A11: F002 | B11: 46310 | C11: 28 | D11: 1436 | E11: 19161 | F11: 216 | G11: 9800
A12: F002 | B12: 46317 | C12: 35 | D12: 2018 | E12: 29100 | F12: 270 | G12: 9800
A13: F002 | B13: 46324 | C13: 42 | D13: 2609 | E13: 40296 | F13: 323 | G13: 9800
... A25: F004 | B25: 46324 | C25: 42 | D25: 2556 | E25: 49281 | F25: 507 | G25: 12000

Sheet Master_Data
A1: Farm_ID | B1: Region | C1: Houses | D1: Birds_Placed | E1: Placement_Date | F1: Target_FCR_42d
A2: F001 | B2: ภาคกลาง | C2: 4 | D2: 10000 | E2: 46282 | F2: 1.65
A3: F002 | B3: ภาคตะวันออก | C3: 4 | D3: 9800 | E3: 46282 | F3: 1.65
A4: F003 | B4: ภาคเหนือ | C4: 6 | D4: 15000 | E4: 46282 | F4: 1.68
A5: F004 | B5: ภาคอีสาน | C5: 5 | D5: 12000 | E5: 46282 | F5: 1.68
A8: Product_ID | B8: Product_Name | C8: Category | D8: Price
A9: P001 | B9: Product A | C9: Feed | D9: 150
A10: P002 | B10: Product B | C10: Equipment | D10: 220
A11: P003 | B11: Product C | C11: Equipment | D11: 480

Sheet Calculations
A1: Farm_ID | B1: Date | C1: Age_Days | D1: Live_Birds | E1: Weight_Gain_kg | F1: FCR | G1: Mortality_% | H1: Target_FCR | I1: FCR_Status | J1: Week_Label | M1: Chick_Weight_g | N1: ค่าที่ปรับได้
A2: =Raw_Data!A2 | B2: =Raw_Data!B2 | C2: =Raw_Data!C2 | D2: =Raw_Data!G2-Raw_Data!F2 | E2: =IF(AND(ISNUMBER(Raw_Data!D2),Raw_Data!D2>$N$2),(Raw_Data!D2-$N$2)/1000*D2,NA()) | F2: =IFERROR(IF(E2>0,Raw_Data!E2/E2,NA()),NA()) | G2: =IF(Raw_Data!G2>0,Raw_Data!F2/Raw_Data!G2*100,NA()) | H2: =IFERROR(INDEX(Master_Data!$F$2:$F$5,MATCH(A2,Master_Data!$A$2:$A$5,0)),"ไม่พบฟาร์ม") | I2: =IF(C2<42,"ยังไม่ถึง 42 วัน",IF(F2>H2,"สูงกว่าเป้า","ตามเป้า")) | J2: ="สัปดาห์ "&ROUNDUP(C2/7,0)&" · "&TEXT(B2,"yyyy-mm-dd") | M2: น้ำหนักลูกไก่แรกรับ (กรัม) | N2: 42
A3: =Raw_Data!A3 | B3: =Raw_Data!B3 | C3: =Raw_Data!C3 | D3: =Raw_Data!G3-Raw_Data!F3 | E3: =IF(AND(ISNUMBER(Raw_Data!D3),Raw_Data!D3>$N$2),(Raw_Data!D3-$N$2)/1000*D3,NA()) | F3: =IFERROR(IF(E3>0,Raw_Data!E3/E3,NA()),NA()) | G3: =IF(Raw_Data!G3>0,Raw_Data!F3/Raw_Data!G3*100,NA()) | H3: =IFERROR(INDEX(Master_Data!$F$2:$F$5,MATCH(A3,Master_Data!$A$2:$A$5,0)),"ไม่พบฟาร์ม") | I3: =IF(C3<42,"ยังไม่ถึง 42 วัน",IF(F3>H3,"สูงกว่าเป้า","ตามเป้า")) | J3: ="สัปดาห์ "&ROUNDUP(C3/7,0)&" · "&TEXT(B3,"yyyy-mm-dd")
A4: =Raw_Data!A4 | B4: =Raw_Data!B4 | C4: =Raw_Data!C4 | D4: =Raw_Data!G4-Raw_Data!F4 | E4: =IF(AND(ISNUMBER(Raw_Data!D4),Raw_Data!D4>$N$2),(Raw_Data!D4-$N$2)/1000*D4,NA()) | F4: =IFERROR(IF(E4>0,Raw_Data!E4/E4,NA()),NA()) | G4: =IF(Raw_Data!G4>0,Raw_Data!F4/Raw_Data!G4*100,NA()) | H4: =IFERROR(INDEX(Master_Data!$F$2:$F$5,MATCH(A4,Master_Data!$A$2:$A$5,0)),"ไม่พบฟาร์ม") | I4: =IF(C4<42,"ยังไม่ถึง 42 วัน",IF(F4>H4,"สูงกว่าเป้า","ตามเป้า")) | J4: ="สัปดาห์ "&ROUNDUP(C4/7,0)&" · "&TEXT(B4,"yyyy-mm-dd")
A5: =Raw_Data!A5 | B5: =Raw_Data!B5 | C5: =Raw_Data!C5 | D5: =Raw_Data!G5-Raw_Data!F5 | E5: =IF(AND(ISNUMBER(Raw_Data!D5),Raw_Data!D5>$N$2),(Raw_Data!D5-$N$2)/1000*D5,NA()) | F5: =IFERROR(IF(E5>0,Raw_Data!E5/E5,NA()),NA()) | G5: =IF(Raw_Data!G5>0,Raw_Data!F5/Raw_Data!G5*100,NA()) | H5: =IFERROR(INDEX(Master_Data!$F$2:$F$5,MATCH(A5,Master_Data!$A$2:$A$5,0)),"ไม่พบฟาร์ม") | I5: =IF(C5<42,"ยังไม่ถึง 42 วัน",IF(F5>H5,"สูงกว่าเป้า","ตามเป้า")) | J5: ="สัปดาห์ "&ROUNDUP(C5/7,0)&" · "&TEXT(B5,"yyyy-mm-dd")
A6: =Raw_Data!A6 | B6: =Raw_Data!B6 | C6: =Raw_Data!C6 | D6: =Raw_Data!G6-Raw_Data!F6 | E6: =IF(AND(ISNUMBER(Raw_Data!D6),Raw_Data!D6>$N$2),(Raw_Data!D6-$N$2)/1000*D6,NA()) | F6: =IFERROR(IF(E6>0,Raw_Data!E6/E6,NA()),NA()) | G6: =IF(Raw_Data!G6>0,Raw_Data!F6/Raw_Data!G6*100,NA()) | H6: =IFERROR(INDEX(Master_Data!$F$2:$F$5,MATCH(A6,Master_Data!$A$2:$A$5,0)),"ไม่พบฟาร์ม") | I6: =IF(C6<42,"ยังไม่ถึง 42 วัน",IF(F6>H6,"สูงกว่าเป้า","ตามเป้า")) | J6: ="สัปดาห์ "&ROUNDUP(C6/7,0)&" · "&TEXT(B6,"yyyy-mm-dd")
A7: =Raw_Data!A7 | B7: =Raw_Data!B7 | C7: =Raw_Data!C7 | D7: =Raw_Data!G7-Raw_Data!F7 | E7: =IF(AND(ISNUMBER(Raw_Data!D7),Raw_Data!D7>$N$2),(Raw_Data!D7-$N$2)/1000*D7,NA()) | F7: =IFERROR(IF(E7>0,Raw_Data!E7/E7,NA()),NA()) | G7: =IF(Raw_Data!G7>0,Raw_Data!F7/Raw_Data!G7*100,NA()) | H7: =IFERROR(INDEX(Master_Data!$F$2:$F$5,MATCH(A7,Master_Data!$A$2:$A$5,0)),"ไม่พบฟาร์ม") | I7: =IF(C7<42,"ยังไม่ถึง 42 วัน",IF(F7>H7,"สูงกว่าเป้า","ตามเป้า")) | J7: ="สัปดาห์ "&ROUNDUP(C7/7,0)&" · "&TEXT(B7,"yyyy-mm-dd")
A8: =Raw_Data!A8 | B8: =Raw_Data!B8 | C8: =Raw_Data!C8 | D8: =Raw_Data!G8-Raw_Data!F8 | E8: =IF(AND(ISNUMBER(Raw_Data!D8),Raw_Data!D8>$N$2),(Raw_Data!D8-$N$2)/1000*D8,NA()) | F8: =IFERROR(IF(E8>0,Raw_Data!E8/E8,NA()),NA()) | G8: =IF(Raw_Data!G8>0,Raw_Data!F8/Raw_Data!G8*100,NA()) | H8: =IFERROR(INDEX(Master_Data!$F$2:$F$5,MATCH(A8,Master_Data!$A$2:$A$5,0)),"ไม่พบฟาร์ม") | I8: =IF(C8<42,"ยังไม่ถึง 42 วัน",IF(F8>H8,"สูงกว่าเป้า","ตามเป้า")) | J8: ="สัปดาห์ "&ROUNDUP(C8/7,0)&" · "&TEXT(B8,"yyyy-mm-dd")
A9: =Raw_Data!A9 | B9: =Raw_Data!B9 | C9: =Raw_Data!C9 | D9: =Raw_Data!G9-Raw_Data!F9 | E9: =IF(AND(ISNUMBER(Raw_Data!D9),Raw_Data!D9>$N$2),(Raw_Data!D9-$N$2)/1000*D9,NA()) | F9: =IFERROR(IF(E9>0,Raw_Data!E9/E9,NA()),NA()) | G9: =IF(Raw_Data!G9>0,Raw_Data!F9/Raw_Data!G9*100,NA()) | H9: =IFERROR(INDEX(Master_Data!$F$2:$F$5,MATCH(A9,Master_Data!$A$2:$A$5,0)),"ไม่พบฟาร์ม") | I9: =IF(C9<42,"ยังไม่ถึง 42 วัน",IF(F9>H9,"สูงกว่าเป้า","ตามเป้า")) | J9: ="สัปดาห์ "&ROUNDUP(C9/7,0)&" · "&TEXT(B9,"yyyy-mm-dd")
A10: =Raw_Data!A10 | B10: =Raw_Data!B10 | C10: =Raw_Data!C10 | D10: =Raw_Data!G10-Raw_Data!F10 | E10: =IF(AND(ISNUMBER(Raw_Data!D10),Raw_Data!D10>$N$2),(Raw_Data!D10-$N$2)/1000*D10,NA()) | F10: =IFERROR(IF(E10>0,Raw_Data!E10/E10,NA()),NA()) | G10: =IF(Raw_Data!G10>0,Raw_Data!F10/Raw_Data!G10*100,NA()) | H10: =IFERROR(INDEX(Master_Data!$F$2:$F$5,MATCH(A10,Master_Data!$A$2:$A$5,0)),"ไม่พบฟาร์ม") | I10: =IF(C10<42,"ยังไม่ถึง 42 วัน",IF(F10>H10,"สูงกว่าเป้า","ตามเป้า")) | J10: ="สัปดาห์ "&ROUNDUP(C10/7,0)&" · "&TEXT(B10,"yyyy-mm-dd")
A11: =Raw_Data!A11 | B11: =Raw_Data!B11 | C11: =Raw_Data!C11 | D11: =Raw_Data!G11-Raw_Data!F11 | E11: =IF(AND(ISNUMBER(Raw_Data!D11),Raw_Data!D11>$N$2),(Raw_Data!D11-$N$2)/1000*D11,NA()) | F11: =IFERROR(IF(E11>0,Raw_Data!E11/E11,NA()),NA()) | G11: =IF(Raw_Data!G11>0,Raw_Data!F11/Raw_Data!G11*100,NA()) | H11: =IFERROR(INDEX(Master_Data!$F$2:$F$5,MATCH(A11,Master_Data!$A$2:$A$5,0)),"ไม่พบฟาร์ม") | I11: =IF(C11<42,"ยังไม่ถึง 42 วัน",IF(F11>H11,"สูงกว่าเป้า","ตามเป้า")) | J11: ="สัปดาห์ "&ROUNDUP(C11/7,0)&" · "&TEXT(B11,"yyyy-mm-dd")
A12: =Raw_Data!A12 | B12: =Raw_Data!B12 | C12: =Raw_Data!C12 | D12: =Raw_Data!G12-Raw_Data!F12 | E12: =IF(AND(ISNUMBER(Raw_Data!D12),Raw_Data!D12>$N$2),(Raw_Data!D12-$N$2)/1000*D12,NA()) | F12: =IFERROR(IF(E12>0,Raw_Data!E12/E12,NA()),NA()) | G12: =IF(Raw_Data!G12>0,Raw_Data!F12/Raw_Data!G12*100,NA()) | H12: =IFERROR(INDEX(Master_Data!$F$2:$F$5,MATCH(A12,Master_Data!$A$2:$A$5,0)),"ไม่พบฟาร์ม") | I12: =IF(C12<42,"ยังไม่ถึง 42 วัน",IF(F12>H12,"สูงกว่าเป้า","ตามเป้า")) | J12: ="สัปดาห์ "&ROUNDUP(C12/7,0)&" · "&TEXT(B12,"yyyy-mm-dd")
A13: =Raw_Data!A13 | B13: =Raw_Data!B13 | C13: =Raw_Data!C13 | D13: =Raw_Data!G13-Raw_Data!F13 | E13: =IF(AND(ISNUMBER(Raw_Data!D13),Raw_Data!D13>$N$2),(Raw_Data!D13-$N$2)/1000*D13,NA()) | F13: =IFERROR(IF(E13>0,Raw_Data!E13/E13,NA()),NA()) | G13: =IF(Raw_Data!G13>0,Raw_Data!F13/Raw_Data!G13*100,NA()) | H13: =IFERROR(INDEX(Master_Data!$F$2:$F$5,MATCH(A13,Master_Data!$A$2:$A$5,0)),"ไม่พบฟาร์ม") | I13: =IF(C13<42,"ยังไม่ถึง 42 วัน",IF(F13>H13,"สูงกว่าเป้า","ตามเป้า")) | J13: ="สัปดาห์ "&ROUNDUP(C13/7,0)&" · "&TEXT(B13,"yyyy-mm-dd")
A14: =Raw_Data!A14 | B14: =Raw_Data!B14 | C14: =Raw_Data!C14 | D14: =Raw_Data!G14-Raw_Data!F14 | E14: =IF(AND(ISNUMBER(Raw_Data!D14),Raw_Data!D14>$N$2),(Raw_Data!D14-$N$2)/1000*D14,NA()) | F14: =IFERROR(IF(E14>0,Raw_Data!E14/E14,NA()),NA()) | G14: =IF(Raw_Data!G14>0,Raw_Data!F14/Raw_Data!G14*100,NA()) | H14: =IFERROR(INDEX(Master_Data!$F$2:$F$5,MATCH(A14,Master_Data!$A$2:$A$5,0)),"ไม่พบฟาร์ม") | I14: =IF(C14<42,"ยังไม่ถึง 42 วัน",IF(F14>H14,"สูงกว่าเป้า","ตามเป้า")) | J14: ="สัปดาห์ "&ROUNDUP(C14/7,0)&" · "&TEXT(B14,"yyyy-mm-dd")
... A25: =Raw_Data!A25 | B25: =Raw_Data!B25 | C25: =Raw_Data!C25 | D25: =Raw_Data!G25-Raw_Data!F25 | E25: =IF(AND(ISNUMBER(Raw_Data!D25),Raw_Data!D25>$N$2),(Raw_Data!D25-$N$2)/1000*D25,NA()) | F25: =IFERROR(IF(E25>0,Raw_Data!E25/E25,NA()),NA()) | G25: =IF(Raw_Data!G25>0,Raw_Data!F25/Raw_Data!G25*100,NA()) | H25: =IFERROR(INDEX(Master_Data!$F$2:$F$5,MATCH(A25,Master_Data!$A$2:$A$5,0)),"ไม่พบฟาร์ม") | I25: =IF(C25<42,"ยังไม่ถึง 42 วัน",IF(F25>H25,"สูงกว่าเป้า","ตามเป้า")) | J25: ="สัปดาห์ "&ROUNDUP(C25/7,0)&" · "&TEXT(B25,"yyyy-mm-dd")
A27: สรุปรายฟาร์ม (อายุล่าสุด)
A28: Farm_ID | B28: Last_Age | C28: Last_Date | D28: Body_Weight_g | E28: FCR | F28: Mortality_% | G28: Feed_Cum_kg | H28: Rows | I28: Avg_BW_all_rows
A29: F001 | B29: =_xlfn.MAXIFS(Raw_Data!$C$2:$C$25,Raw_Data!$A$2:$A$25,A29) | C29: =_xlfn.MAXIFS(Raw_Data!$B$2:$B$25,Raw_Data!$A$2:$A$25,A29) | D29: =SUMIFS(Raw_Data!$D$2:$D$25,Raw_Data!$A$2:$A$25,A29,Raw_Data!$C$2:$C$25,B29) | E29: =SUMIFS($F$2:$F$25,$A$2:$A$25,A29,$C$2:$C$25,B29) | F29: =SUMIFS($G$2:$G$25,$A$2:$A$25,A29,$C$2:$C$25,B29) | G29: =SUMIFS(Raw_Data!$E$2:$E$25,Raw_Data!$A$2:$A$25,A29,Raw_Data!$C$2:$C$25,B29) | H29: =COUNTIF(Raw_Data!$A$2:$A$25,A29) | I29: =AVERAGEIFS(Raw_Data!$D$2:$D$25,Raw_Data!$A$2:$A$25,A29)
A30: F002 | B30: =_xlfn.MAXIFS(Raw_Data!$C$2:$C$25,Raw_Data!$A$2:$A$25,A30) | C30: =_xlfn.MAXIFS(Raw_Data!$B$2:$B$25,Raw_Data!$A$2:$A$25,A30) | D30: =SUMIFS(Raw_Data!$D$2:$D$25,Raw_Data!$A$2:$A$25,A30,Raw_Data!$C$2:$C$25,B30) | E30: =SUMIFS($F$2:$F$25,$A$2:$A$25,A30,$C$2:$C$25,B30) | F30: =SUMIFS($G$2:$G$25,$A$2:$A$25,A30,$C$2:$C$25,B30) | G30: =SUMIFS(Raw_Data!$E$2:$E$25,Raw_Data!$A$2:$A$25,A30,Raw_Data!$C$2:$C$25,B30) | H30: =COUNTIF(Raw_Data!$A$2:$A$25,A30) | I30: =AVERAGEIFS(Raw_Data!$D$2:$D$25,Raw_Data!$A$2:$A$25,A30)
A31: F003 | B31: =_xlfn.MAXIFS(Raw_Data!$C$2:$C$25,Raw_Data!$A$2:$A$25,A31) | C31: =_xlfn.MAXIFS(Raw_Data!$B$2:$B$25,Raw_Data!$A$2:$A$25,A31) | D31: =SUMIFS(Raw_Data!$D$2:$D$25,Raw_Data!$A$2:$A$25,A31,Raw_Data!$C$2:$C$25,B31) | E31: =SUMIFS($F$2:$F$25,$A$2:$A$25,A31,$C$2:$C$25,B31) | F31: =SUMIFS($G$2:$G$25,$A$2:$A$25,A31,$C$2:$C$25,B31) | G31: =SUMIFS(Raw_Data!$E$2:$E$25,Raw_Data!$A$2:$A$25,A31,Raw_Data!$C$2:$C$25,B31) | H31: =COUNTIF(Raw_Data!$A$2:$A$25,A31) | I31: =AVERAGEIFS(Raw_Data!$D$2:$D$25,Raw_Data!$A$2:$A$25,A31)
A32: F004 | B32: =_xlfn.MAXIFS(Raw_Data!$C$2:$C$25,Raw_Data!$A$2:$A$25,A32) | C32: =_xlfn.MAXIFS(Raw_Data!$B$2:$B$25,Raw_Data!$A$2:$A$25,A32) | D32: =SUMIFS(Raw_Data!$D$2:$D$25,Raw_Data!$A$2:$A$25,A32,Raw_Data!$C$2:$C$25,B32) | E32: =SUMIFS($F$2:$F$25,$A$2:$A$25,A32,$C$2:$C$25,B32) | F32: =SUMIFS($G$2:$G$25,$A$2:$A$25,A32,$C$2:$C$25,B32) | G32: =SUMIFS(Raw_Data!$E$2:$E$25,Raw_Data!$A$2:$A$25,A32,Raw_Data!$C$2:$C$25,B32) | H32: =COUNTIF(Raw_Data!$A$2:$A$25,A32) | I32: =AVERAGEIFS(Raw_Data!$D$2:$D$25,Raw_Data!$A$2:$A$25,A32)
A35: สถิติน้ำหนักตัวอย่าง F001 อายุ 21 วัน (Weight_Samples!B2:B101, กรัม)
A36: n | B36: =COUNT(Weight_Samples!$B$2:$B$101)
A37: Mean | B37: =AVERAGE(Weight_Samples!$B$2:$B$101)
A38: Median | B38: =MEDIAN(Weight_Samples!$B$2:$B$101)
A39: SD (Sample) | B39: =_xlfn.STDEV.S(Weight_Samples!$B$2:$B$101)
A40: CV% | B40: =IF(OR(COUNT(Weight_Samples!$B$2:$B$101)<2,AVERAGE(Weight_Samples!$B$2:$B$101)=0),NA(),_xlfn.STDEV.S(Weight_Samples!$B$2:$B$101)/AVERAGE(Weight_Samples!$B$2:$B$101)*100) | C40: อย่าตีความ %CV เป็นเกณฑ์มาตรฐานสายพันธุ์โดยไม่มีข้อมูลอ้างอิง
A41: P10 | B41: =_xlfn.PERCENTILE.INC(Weight_Samples!$B$2:$B$101,0.1)
A42: P90 | B42: =_xlfn.PERCENTILE.INC(Weight_Samples!$B$2:$B$101,0.9)
A43: IQR | B43: =_xlfn.QUARTILE.INC(Weight_Samples!$B$2:$B$101,3)-_xlfn.QUARTILE.INC(Weight_Samples!$B$2:$B$101,1)

Sheet Weight_Samples
A1: Bird_No | B1: Body_Weight_g
A2: 1 | B2: 1000
A3: 2 | B3: 1072
A4: 3 | B4: 902
A5: 4 | B5: 798
A6: 5 | B6: 933
A7: 6 | B7: 1003
A8: 7 | B8: 912
A9: 8 | B9: 941
A10: 9 | B10: 1058
A11: 10 | B11: 963
A12: 11 | B12: 794
A13: 12 | B13: 872
... A101: 100 | B101: 873

Sheet Validation
A1: Data Quality Audit — ข้อมูลตัวอย่างที่มีปัญหาโดยตั้งใจ (แก้ค่าแล้วดูสถานะเปลี่ยน)
A3: Farm_ID | B3: Date | C3: Body_Weight_g | D3: Feed_Cum_kg | E3: Mortality_Cum | F3: Status | G3: Reason | I3: สรุป
A4: F001 | B4: 46289 | C4: 185 | D4: 1595 | E4: 40 | F4: =IF(A4="","ERROR",IF(NOT(ISNUMBER(C4)),"ERROR",IF(C4<0,"ERROR",IF(B4>Instructions!$B$27,"ERROR",IF(COUNTIFS($A$4:$A$12,A4,$B$4:$B$12,B4)>1,"WARNING",IF(D4="","WARNING","PASS")))))) | G4: =IF(A4="","ไม่มี Farm_ID",IF(NOT(ISNUMBER(C4)),"Body_Weight_g ไม่ใช่ตัวเลข",IF(C4<0,"ค่าติดลบ",IF(B4>Instructions!$B$27,"วันที่เกินวันรายงาน",IF(COUNTIFS($A$4:$A$12,A4,$B$4:$B$12,B4)>1,"ข้อมูลซ้ำ (Farm_ID + Date)",IF(D4="","Feed_Cum_kg ว่าง","ผ่าน")))))) | I4: ERROR | J4: =COUNTIF($F$4:$F$12,"ERROR")
A5: F001 | B5: 46296 | C5: 510 | D5: 4400 | E5: 80 | F5: =IF(A5="","ERROR",IF(NOT(ISNUMBER(C5)),"ERROR",IF(C5<0,"ERROR",IF(B5>Instructions!$B$27,"ERROR",IF(COUNTIFS($A$4:$A$12,A5,$B$4:$B$12,B5)>1,"WARNING",IF(D5="","WARNING","PASS")))))) | G5: =IF(A5="","ไม่มี Farm_ID",IF(NOT(ISNUMBER(C5)),"Body_Weight_g ไม่ใช่ตัวเลข",IF(C5<0,"ค่าติดลบ",IF(B5>Instructions!$B$27,"วันที่เกินวันรายงาน",IF(COUNTIFS($A$4:$A$12,A5,$B$4:$B$12,B5)>1,"ข้อมูลซ้ำ (Farm_ID + Date)",IF(D5="","Feed_Cum_kg ว่าง","ผ่าน")))))) | I5: WARNING | J5: =COUNTIF($F$4:$F$12,"WARNING")
A6: F002 | B6: 46296 | C6: 495 | D6: 4321 | E6: 108 | F6: =IF(A6="","ERROR",IF(NOT(ISNUMBER(C6)),"ERROR",IF(C6<0,"ERROR",IF(B6>Instructions!$B$27,"ERROR",IF(COUNTIFS($A$4:$A$12,A6,$B$4:$B$12,B6)>1,"WARNING",IF(D6="","WARNING","PASS")))))) | G6: =IF(A6="","ไม่มี Farm_ID",IF(NOT(ISNUMBER(C6)),"Body_Weight_g ไม่ใช่ตัวเลข",IF(C6<0,"ค่าติดลบ",IF(B6>Instructions!$B$27,"วันที่เกินวันรายงาน",IF(COUNTIFS($A$4:$A$12,A6,$B$4:$B$12,B6)>1,"ข้อมูลซ้ำ (Farm_ID + Date)",IF(D6="","Feed_Cum_kg ว่าง","ผ่าน")))))) | I6: PASS | J6: =COUNTIF($F$4:$F$12,"PASS")
A7: F002 | B7: 46296 | C7: 495 | D7: 4321 | E7: 108 | F7: =IF(A7="","ERROR",IF(NOT(ISNUMBER(C7)),"ERROR",IF(C7<0,"ERROR",IF(B7>Instructions!$B$27,"ERROR",IF(COUNTIFS($A$4:$A$12,A7,$B$4:$B$12,B7)>1,"WARNING",IF(D7="","WARNING","PASS")))))) | G7: =IF(A7="","ไม่มี Farm_ID",IF(NOT(ISNUMBER(C7)),"Body_Weight_g ไม่ใช่ตัวเลข",IF(C7<0,"ค่าติดลบ",IF(B7>Instructions!$B$27,"วันที่เกินวันรายงาน",IF(COUNTIFS($A$4:$A$12,A7,$B$4:$B$12,B7)>1,"ข้อมูลซ้ำ (Farm_ID + Date)",IF(D7="","Feed_Cum_kg ว่าง","ผ่าน"))))))
B8: 46303 | C8: 940 | D8: 9000 | E8: 120 | F8: =IF(A8="","ERROR",IF(NOT(ISNUMBER(C8)),"ERROR",IF(C8<0,"ERROR",IF(B8>Instructions!$B$27,"ERROR",IF(COUNTIFS($A$4:$A$12,A8,$B$4:$B$12,B8)>1,"WARNING",IF(D8="","WARNING","PASS")))))) | G8: =IF(A8="","ไม่มี Farm_ID",IF(NOT(ISNUMBER(C8)),"Body_Weight_g ไม่ใช่ตัวเลข",IF(C8<0,"ค่าติดลบ",IF(B8>Instructions!$B$27,"วันที่เกินวันรายงาน",IF(COUNTIFS($A$4:$A$12,A8,$B$4:$B$12,B8)>1,"ข้อมูลซ้ำ (Farm_ID + Date)",IF(D8="","Feed_Cum_kg ว่าง","ผ่าน"))))))
A9: F003 | B9: 46303 | C9: -950 | D9: 14000 | E9: 150 | F9: =IF(A9="","ERROR",IF(NOT(ISNUMBER(C9)),"ERROR",IF(C9<0,"ERROR",IF(B9>Instructions!$B$27,"ERROR",IF(COUNTIFS($A$4:$A$12,A9,$B$4:$B$12,B9)>1,"WARNING",IF(D9="","WARNING","PASS")))))) | G9: =IF(A9="","ไม่มี Farm_ID",IF(NOT(ISNUMBER(C9)),"Body_Weight_g ไม่ใช่ตัวเลข",IF(C9<0,"ค่าติดลบ",IF(B9>Instructions!$B$27,"วันที่เกินวันรายงาน",IF(COUNTIFS($A$4:$A$12,A9,$B$4:$B$12,B9)>1,"ข้อมูลซ้ำ (Farm_ID + Date)",IF(D9="","Feed_Cum_kg ว่าง","ผ่าน"))))))
A10: F003 | B10: 46346 | C10: 1500 | D10: 20000 | E10: 190 | F10: =IF(A10="","ERROR",IF(NOT(ISNUMBER(C10)),"ERROR",IF(C10<0,"ERROR",IF(B10>Instructions!$B$27,"ERROR",IF(COUNTIFS($A$4:$A$12,A10,$B$4:$B$12,B10)>1,"WARNING",IF(D10="","WARNING","PASS")))))) | G10: =IF(A10="","ไม่มี Farm_ID",IF(NOT(ISNUMBER(C10)),"Body_Weight_g ไม่ใช่ตัวเลข",IF(C10<0,"ค่าติดลบ",IF(B10>Instructions!$B$27,"วันที่เกินวันรายงาน",IF(COUNTIFS($A$4:$A$12,A10,$B$4:$B$12,B10)>1,"ข้อมูลซ้ำ (Farm_ID + Date)",IF(D10="","Feed_Cum_kg ว่าง","ผ่าน"))))))
A11: F004 | B11: 46303 | C11: 1,000 | D11: 11000 | E11: 200 | F11: =IF(A11="","ERROR",IF(NOT(ISNUMBER(C11)),"ERROR",IF(C11<0,"ERROR",IF(B11>Instructions!$B$27,"ERROR",IF(COUNTIFS($A$4:$A$12,A11,$B$4:$B$12,B11)>1,"WARNING",IF(D11="","WARNING","PASS")))))) | G11: =IF(A11="","ไม่มี Farm_ID",IF(NOT(ISNUMBER(C11)),"Body_Weight_g ไม่ใช่ตัวเลข",IF(C11<0,"ค่าติดลบ",IF(B11>Instructions!$B$27,"วันที่เกินวันรายงาน",IF(COUNTIFS($A$4:$A$12,A11,$B$4:$B$12,B11)>1,"ข้อมูลซ้ำ (Farm_ID + Date)",IF(D11="","Feed_Cum_kg ว่าง","ผ่าน"))))))
A12: F004 | B12: 46310 | C12: 1400 | E12: 260 | F12: =IF(A12="","ERROR",IF(NOT(ISNUMBER(C12)),"ERROR",IF(C12<0,"ERROR",IF(B12>Instructions!$B$27,"ERROR",IF(COUNTIFS($A$4:$A$12,A12,$B$4:$B$12,B12)>1,"WARNING",IF(D12="","WARNING","PASS")))))) | G12: =IF(A12="","ไม่มี Farm_ID",IF(NOT(ISNUMBER(C12)),"Body_Weight_g ไม่ใช่ตัวเลข",IF(C12<0,"ค่าติดลบ",IF(B12>Instructions!$B$27,"วันที่เกินวันรายงาน",IF(COUNTIFS($A$4:$A$12,A12,$B$4:$B$12,B12)>1,"ข้อมูลซ้ำ (Farm_ID + Date)",IF(D12="","Feed_Cum_kg ว่าง","ผ่าน"))))))
A15: กฎตรวจรูปแบบ (format): ค่าว่าง, ชนิดข้อมูล, ค่าติดลบ, วันที่เกินวันรายงาน · กฎธุรกิจ (business): ข้อมูลซ้ำ Farm_ID+Date, Feed ว่าง = WARNING ให้ผู้รับผิดชอบตรวจ

Sheet Dashboard
A1: Farm Performance Dashboard (Prototype — ข้อมูลตัวอย่างในไฟล์นี้)
A3: เลือกฟาร์ม | C3: F001
E4: Age_Days | F4: F001 | G4: F002 | H4: F003 | I4: F004
A5: อายุล่าสุด (วัน) | C5: =_xlfn.MAXIFS(Raw_Data!$C$2:$C$25,Raw_Data!$A$2:$A$25,$C$3) | E5: 7 | F5: =SUMIFS(Raw_Data!$D$2:$D$25,Raw_Data!$A$2:$A$25,F$4,Raw_Data!$C$2:$C$25,$E5) | G5: =SUMIFS(Raw_Data!$D$2:$D$25,Raw_Data!$A$2:$A$25,G$4,Raw_Data!$C$2:$C$25,$E5) | H5: =SUMIFS(Raw_Data!$D$2:$D$25,Raw_Data!$A$2:$A$25,H$4,Raw_Data!$C$2:$C$25,$E5) | I5: =SUMIFS(Raw_Data!$D$2:$D$25,Raw_Data!$A$2:$A$25,I$4,Raw_Data!$C$2:$C$25,$E5)
A6: Body Weight (g) | C6: =SUMIFS(Raw_Data!$D$2:$D$25,Raw_Data!$A$2:$A$25,$C$3,Raw_Data!$C$2:$C$25,$C$5) | E6: 14 | F6: =SUMIFS(Raw_Data!$D$2:$D$25,Raw_Data!$A$2:$A$25,F$4,Raw_Data!$C$2:$C$25,$E6) | G6: =SUMIFS(Raw_Data!$D$2:$D$25,Raw_Data!$A$2:$A$25,G$4,Raw_Data!$C$2:$C$25,$E6) | H6: =SUMIFS(Raw_Data!$D$2:$D$25,Raw_Data!$A$2:$A$25,H$4,Raw_Data!$C$2:$C$25,$E6) | I6: =SUMIFS(Raw_Data!$D$2:$D$25,Raw_Data!$A$2:$A$25,I$4,Raw_Data!$C$2:$C$25,$E6)
A7: FCR | C7: =SUMIFS(Calculations!$F$2:$F$25,Calculations!$A$2:$A$25,$C$3,Calculations!$C$2:$C$25,$C$5) | E7: 21 | F7: =SUMIFS(Raw_Data!$D$2:$D$25,Raw_Data!$A$2:$A$25,F$4,Raw_Data!$C$2:$C$25,$E7) | G7: =SUMIFS(Raw_Data!$D$2:$D$25,Raw_Data!$A$2:$A$25,G$4,Raw_Data!$C$2:$C$25,$E7) | H7: =SUMIFS(Raw_Data!$D$2:$D$25,Raw_Data!$A$2:$A$25,H$4,Raw_Data!$C$2:$C$25,$E7) | I7: =SUMIFS(Raw_Data!$D$2:$D$25,Raw_Data!$A$2:$A$25,I$4,Raw_Data!$C$2:$C$25,$E7)
A8: Mortality % | C8: =SUMIFS(Calculations!$G$2:$G$25,Calculations!$A$2:$A$25,$C$3,Calculations!$C$2:$C$25,$C$5) | E8: 28 | F8: =SUMIFS(Raw_Data!$D$2:$D$25,Raw_Data!$A$2:$A$25,F$4,Raw_Data!$C$2:$C$25,$E8) | G8: =SUMIFS(Raw_Data!$D$2:$D$25,Raw_Data!$A$2:$A$25,G$4,Raw_Data!$C$2:$C$25,$E8) | H8: =SUMIFS(Raw_Data!$D$2:$D$25,Raw_Data!$A$2:$A$25,H$4,Raw_Data!$C$2:$C$25,$E8) | I8: =SUMIFS(Raw_Data!$D$2:$D$25,Raw_Data!$A$2:$A$25,I$4,Raw_Data!$C$2:$C$25,$E8)
A9: Feed Intake สะสม (kg) | C9: =SUMIFS(Raw_Data!$E$2:$E$25,Raw_Data!$A$2:$A$25,$C$3,Raw_Data!$C$2:$C$25,$C$5) | E9: 35 | F9: =SUMIFS(Raw_Data!$D$2:$D$25,Raw_Data!$A$2:$A$25,F$4,Raw_Data!$C$2:$C$25,$E9) | G9: =SUMIFS(Raw_Data!$D$2:$D$25,Raw_Data!$A$2:$A$25,G$4,Raw_Data!$C$2:$C$25,$E9) | H9: =SUMIFS(Raw_Data!$D$2:$D$25,Raw_Data!$A$2:$A$25,H$4,Raw_Data!$C$2:$C$25,$E9) | I9: =SUMIFS(Raw_Data!$D$2:$D$25,Raw_Data!$A$2:$A$25,I$4,Raw_Data!$C$2:$C$25,$E9)
A10: Target FCR | C10: =IFERROR(INDEX(Master_Data!$F$2:$F$5,MATCH($C$3,Master_Data!$A$2:$A$5,0)),"ไม่พบฟาร์ม") | E10: 42 | F10: =SUMIFS(Raw_Data!$D$2:$D$25,Raw_Data!$A$2:$A$25,F$4,Raw_Data!$C$2:$C$25,$E10) | G10: =SUMIFS(Raw_Data!$D$2:$D$25,Raw_Data!$A$2:$A$25,G$4,Raw_Data!$C$2:$C$25,$E10) | H10: =SUMIFS(Raw_Data!$D$2:$D$25,Raw_Data!$A$2:$A$25,H$4,Raw_Data!$C$2:$C$25,$E10) | I10: =SUMIFS(Raw_Data!$D$2:$D$25,Raw_Data!$A$2:$A$25,I$4,Raw_Data!$C$2:$C$25,$E10)
A12: Data Source | C12: Raw_Data (ในไฟล์นี้) — ไม่เชื่อมแหล่งข้อมูลภายนอก
A13: Last Updated | C13: =_xlfn.MAXIFS(Raw_Data!$B$2:$B$25,Raw_Data!$A$2:$A$25,"<>")
A14: Data Quality | C14: =IF(Validation!$J$4>0,"มี "&Validation!$J$4&" แถว ERROR ในชีต Validation","ไม่มี ERROR")

Sheet Sales_Data
A1: Order_ID | B1: Order_Date | C1: Product_ID | D1: Channel | E1: Quantity | F1: Unit_Price | G1: Amount | H1: Product_Name | I1: Category
A2: O001 | B2: 46296 | C2: P001 | D2: Online | E2: 12 | F2: 150 | G2: =E2*F2 | H2: =IFERROR(INDEX(Product_Master!$B$2:$B$4,MATCH(C2,Product_Master!$A$2:$A$4,0)),"ไม่พบสินค้า") | I2: =IFERROR(VLOOKUP(C2,Product_Master!$A$2:$C$4,3,FALSE),"ไม่พบสินค้า")
A3: O002 | B3: 46297 | C3: P002 | D3: Retail | E3: 8 | F3: 220 | G3: =E3*F3 | H3: =IFERROR(INDEX(Product_Master!$B$2:$B$4,MATCH(C3,Product_Master!$A$2:$A$4,0)),"ไม่พบสินค้า") | I3: =IFERROR(VLOOKUP(C3,Product_Master!$A$2:$C$4,3,FALSE),"ไม่พบสินค้า")
A4: O003 | B4: 46298 | C4: P001 | D4: Online | E4: 10 | F4: 150 | G4: =E4*F4 | H4: =IFERROR(INDEX(Product_Master!$B$2:$B$4,MATCH(C4,Product_Master!$A$2:$A$4,0)),"ไม่พบสินค้า") | I4: =IFERROR(VLOOKUP(C4,Product_Master!$A$2:$C$4,3,FALSE),"ไม่พบสินค้า")
A5: O004 | B5: 46298 | C5: P003 | D5: Retail | E5: 5 | F5: 480 | G5: =E5*F5 | H5: =IFERROR(INDEX(Product_Master!$B$2:$B$4,MATCH(C5,Product_Master!$A$2:$A$4,0)),"ไม่พบสินค้า") | I5: =IFERROR(VLOOKUP(C5,Product_Master!$A$2:$C$4,3,FALSE),"ไม่พบสินค้า")
A6: O005 | B6: 46299 | C6: P002 | D6: Online | E6: 3 | F6: 220 | G6: =E6*F6 | H6: =IFERROR(INDEX(Product_Master!$B$2:$B$4,MATCH(C6,Product_Master!$A$2:$A$4,0)),"ไม่พบสินค้า") | I6: =IFERROR(VLOOKUP(C6,Product_Master!$A$2:$C$4,3,FALSE),"ไม่พบสินค้า")
A7: O006 | B7: 46300 | C7: P009 | D7: Online | E7: 2 | F7: 99 | G7: =E7*F7 | H7: =IFERROR(INDEX(Product_Master!$B$2:$B$4,MATCH(C7,Product_Master!$A$2:$A$4,0)),"ไม่พบสินค้า") | I7: =IFERROR(VLOOKUP(C7,Product_Master!$A$2:$C$4,3,FALSE),"ไม่พบสินค้า")
A9: ยอดขาย Online | G9: =SUMIF($D$2:$D$7,"Online",$G$2:$G$7)
A10: ยอดขายรวม | G10: =SUM($G$2:$G$7)
A11: รหัสสินค้าไม่พบใน Master | G11: =COUNTIF($H$2:$H$7,"ไม่พบสินค้า")
A13: แถว O001–O003 มาจากต้นฉบับข้อ 15 · O004–O006 เพิ่มเพื่อทดสอบ (สินค้าใหม่ และรหัสที่ไม่มีใน Master)

Sheet Product_Master
A1: Product_ID | B1: Product_Name | C1: Category | D1: Price
A2: P001 | B2: Product A | C2: Feed | D2: 150
A3: P002 | B3: Product B | C3: Equipment | D3: 220
A4: P003 | B4: Product C | C4: Equipment | D4: 480
A6: P001–P002 จากต้นฉบับข้อ 15 · P003 และคอลัมน์ Price เพิ่มเพื่อฝึก Lookup ราคา

Sheet Farm_Performance
A1: Farm_ID | B1: Date | C1: Age_Days | D1: Body_Weight_g | E1: Feed_Intake_kg | F1: Mortality_Count | G1: Birds_Placed
A2: F001 | B2: 46296 | C2: 14 | D2: 520 | E2: 2400 | F2: 3 | G2: 10000
A3: F001 | B3: 46303 | C3: 21 | D3: 950 | E3: 3600 | F3: 4 | G3: 10000
A4: F002 | B4: 46296 | C4: 14 | D4: 505 | E4: 2350 | F4: 2 | G4: 9800
A5: F002 | B5: 46303 | C5: 21 | D5: 925 | E5: 3500 | F5: 5 | G5: 9800
A7: ข้อจำกัด (ต้นฉบับ): Feed Intake ในตัวอย่างไม่ได้ระบุชัดว่าเป็นรายวันหรือสะสม จึงห้ามคำนวณ FCR โดยไม่กำหนดนิยามและช่วงเวลาที่ตรงกันก่อน; Mortality Count ก็ต้องระบุว่าเป็นรายวันหรือสะสม — ชีต Raw_Data จึงใช้คอลัมน์ Feed_Cum_kg และ Mortality_Cum ที่ระบุว่าเป็น "สะสม"

Sheet M365_Formulas
A1: หัวข้อ | B1: สูตร Microsoft 365 (คัดลอกไปวาง) | C1: เวอร์ชัน | D1: สูตรทางเลือก (Excel รุ่นเก่า)
A2: B03 ราคาจาก Master | B2: =XLOOKUP(A2,Master!$A$2:$A$100,Master!$C$2:$C$100,"ไม่พบสินค้า") | C2: Excel 2021+ / M365 / Web | D2: =IFERROR(INDEX(Master!$C$2:$C$100,MATCH(A2,Master!$A$2:$A$100,0)),"ไม่พบสินค้า")
A3: B04 แยกรหัส BR-2026-001 | B3: =TEXTSPLIT(A2,"-") | C3: Excel 2024 / M365 / Web | D3: =LEFT(A2,FIND("-",A2)-1) · =MID(A2,FIND("-",A2)+1,4) · =RIGHT(A2,3)
A4: I01 รหัสซ้ำ + ไม่พบฟาร์ม | B4: =IF(COUNTIF(A2:A1000,G2)>1,"รหัสซ้ำ",XLOOKUP(G2,A2:A1000,D2:D1000,"ไม่พบฟาร์ม")) | C4: Excel 2021+ / M365 | D4: =IF(COUNTIF(A2:A1000,G2)>1,"รหัสซ้ำ",IFERROR(INDEX(D2:D1000,MATCH(G2,A2:A1000,0)),"ไม่พบฟาร์ม"))
A5: I04 รายการของฟาร์มที่เลือก เรียงใหม่→เก่า | B5: =SORTBY(FILTER(A2:E1000,A2:A1000=H2),FILTER(B2:B1000,A2:A1000=H2),-1) | C5: Excel 2021+ / M365 | D5: ใช้ AutoFilter + Sort หรือ PivotTable
A6: I04 (จัดการกรณีไม่พบ) | B6: =IFERROR(SORTBY(FILTER(A2:E1000,A2:A1000=H2),FILTER(B2:B1000,A2:A1000=H2),-1),"ไม่พบข้อมูลของฟาร์มนี้") | C6: Excel 2021+ / M365 | D6: -
A7: I05 รวม Jan + Feb | B7: =VSTACK(Jan!A2:E100,Feb!A2:E100) | C7: Excel 2024 / M365 | D7: Power Query: Append Queries
A8: A01 %CV ด้วย LET | B8: =LET(w,B2:B101,n,COUNT(w),avg,AVERAGE(w),IF(OR(n<2,avg=0),NA(),STDEV.S(w)/avg*100)) | C8: Excel 2021+ / M365 | D8: =IF(OR(COUNT(B2:B101)<2,AVERAGE(B2:B101)=0),NA(),STDEV.S(B2:B101)/AVERAGE(B2:B101)*100)
A9: A02 CALC_FCR (Name Manager) | B9: =LAMBDA(feed_kg,weight_gain_kg,IF(AND(ISNUMBER(feed_kg),ISNUMBER(weight_gain_kg),weight_gain_kg>0),feed_kg/weight_gain_kg,NA())) | C9: Excel 2024 / M365 | D9: =IF(AND(ISNUMBER(A2),ISNUMBER(B2),B2>0),A2/B2,NA())
A10: A07 สรุป Feed รายฟาร์ม | B10: =GROUPBY(Raw_Data!A2:A25,Raw_Data!E2:E25,MAX) | C10: Microsoft 365 (ตรวจช่องทางอัปเดต) | D10: SUMIFS / PivotTable — ดูชีต Calculations ส่วนสรุปรายฟาร์ม
A12: สูตรในชีตนี้เก็บเป็นข้อความ (ไม่คำนวณ) เพราะต้องใช้ Microsoft 365 / Excel 2021+ — คัดลอกไปวางในเซลล์ว่างของไฟล์ที่ใช้ Excel รุ่นที่รองรับเพื่อทดสอบ
